convo-id,transcript,inference,tips
0,"                           
             hi how are you
im doing good, how bout you","The topic of the conversation is a casual social exchange, specifically greetings and asking about each other's well-being.","Here are some tips to help you engage in the conversation:

1. **Share Your Feelings**: Respond honestly about how you’re feeling. You might say, “I’m doing well, thanks! I’ve been busy with work, but it’s been good.”

2. **Ask Open-Ended Questions**: Keep the conversation flowing by asking questions that encourage more than yes/no answers. For example, “What have you been up to lately?” or “Did you do anything fun over the weekend?”

3. **Build on Their Response**: If they share something specific, ask more about it. If they mention a project, you could say, “That sounds interesting! What’s it about?”

4. **Share Something About Yourself**: After they respond, share a little about your own experiences or feelings related to the topic. For instance, “I recently started a new hobby that I’m really enjoying!”

5. **Be Curious**: Show genuine interest in their life. If they mention something exciting, ask them to elaborate. “Oh, that sounds cool! How did you get into that?”

6. **Stay Positive**: Keeping a positive tone can make the conversation enjoyable. Even if discussing challenges, try to highlight the silver lining or lessons learned.

7. **Use Humor**: If appropriate, sprinkle in some light-hearted humor to create a relaxed atmosphere.

8. **Mind Body Language and Tone**: If this is a face-to-face conversation, maintain an open posture, make eye contact, and use a friendly tone to encourage a positive dialogue.

9. **Follow Up**: If they share something significant, remember it for future conversations. Follow up later by asking how it’s going.

By using these tips, you can create a more engaging and enjoyable conversation!"
